year,peak_consump,asset_id,energy_type,asset_domain,asset_type,scenario
2024,39.13712226724255,TB001,electricity,elec_network,elec_xmfr,continued_gas
2025,39.13712226724255,TB001,electricity,elec_network,elec_xmfr,continued_gas
2026,39.13712226724255,TB001,electricity,elec_network,elec_xmfr,continued_gas
2027,39.13712226724255,TB001,electricity,elec_network,elec_xmfr,continued_gas
2028,39.13712226724255,TB001,electricity,elec_network,elec_xmfr,continued_gas
2029,39.13712226724255,TB001,electricity,elec_network,elec_xmfr,continued_gas
2030,39.13712226724255,TB001,electricity,elec_network,elec_xmfr,continued_gas
2031,39.13712226724255,TB001,electricity,elec_network,elec_xmfr,continued_gas
2032,39.13712226724255,TB001,electricity,elec_network,elec_xmfr,continued_gas
2033,39.13712226724255,TB001,electricity,elec_network,elec_xmfr,continued_gas
2034,39.13712226724255,TB001,electricity,elec_network,elec_xmfr,continued_gas
2035,39.13712226724255,TB001,electricity,elec_network,elec_xmfr,continued_gas
2036,39.13712226724255,TB001,electricity,elec_network,elec_xmfr,continued_gas
2037,39.13712226724255,TB001,electricity,elec_network,elec_xmfr,continued_gas
2038,39.13712226724255,TB001,electricity,elec_network,elec_xmfr,continued_gas
2039,39.13712226724255,TB001,electricity,elec_network,elec_xmfr,continued_gas
2040,39.13712226724255,TB001,electricity,elec_network,elec_xmfr,continued_gas
2041,39.13712226724255,TB001,electricity,elec_network,elec_xmfr,continued_gas
2042,39.13712226724255,TB001,electricity,elec_network,elec_xmfr,continued_gas
2043,39.13712226724255,TB001,electricity,elec_network,elec_xmfr,continued_gas
2044,39.13712226724255,TB001,electricity,elec_network,elec_xmfr,continued_gas
2045,39.13712226724255,TB001,electricity,elec_network,elec_xmfr,continued_gas
2046,39.13712226724255,TB001,electricity,elec_network,elec_xmfr,continued_gas
2047,39.13712226724255,TB001,electricity,elec_network,elec_xmfr,continued_gas
2048,39.13712226724255,TB001,electricity,elec_network,elec_xmfr,continued_gas
2049,39.13712226724255,TB001,electricity,elec_network,elec_xmfr,continued_gas
2024,21.551828181818177,TB002,electricity,elec_network,elec_xmfr,continued_gas
2025,21.551828181818177,TB002,electricity,elec_network,elec_xmfr,continued_gas
2026,21.551828181818177,TB002,electricity,elec_network,elec_xmfr,continued_gas
2027,21.551828181818177,TB002,electricity,elec_network,elec_xmfr,continued_gas
2028,21.551828181818177,TB002,electricity,elec_network,elec_xmfr,continued_gas
2029,21.551828181818177,TB002,electricity,elec_network,elec_xmfr,continued_gas
2030,21.551828181818177,TB002,electricity,elec_network,elec_xmfr,continued_gas
2031,21.551828181818177,TB002,electricity,elec_network,elec_xmfr,continued_gas
2032,21.551828181818177,TB002,electricity,elec_network,elec_xmfr,continued_gas
2033,21.551828181818177,TB002,electricity,elec_network,elec_xmfr,continued_gas
2034,21.551828181818177,TB002,electricity,elec_network,elec_xmfr,continued_gas
2035,21.551828181818177,TB002,electricity,elec_network,elec_xmfr,continued_gas
2036,21.551828181818177,TB002,electricity,elec_network,elec_xmfr,continued_gas
2037,21.551828181818177,TB002,electricity,elec_network,elec_xmfr,continued_gas
2038,21.551828181818177,TB002,electricity,elec_network,elec_xmfr,continued_gas
2039,21.551828181818177,TB002,electricity,elec_network,elec_xmfr,continued_gas
2040,21.551828181818177,TB002,electricity,elec_network,elec_xmfr,continued_gas
2041,21.551828181818177,TB002,electricity,elec_network,elec_xmfr,continued_gas
2042,21.551828181818177,TB002,electricity,elec_network,elec_xmfr,continued_gas
2043,21.551828181818177,TB002,electricity,elec_network,elec_xmfr,continued_gas
2044,21.551828181818177,TB002,electricity,elec_network,elec_xmfr,continued_gas
2045,21.551828181818177,TB002,electricity,elec_network,elec_xmfr,continued_gas
2046,21.551828181818177,TB002,electricity,elec_network,elec_xmfr,continued_gas
2047,21.551828181818177,TB002,electricity,elec_network,elec_xmfr,continued_gas
2048,21.551828181818177,TB002,electricity,elec_network,elec_xmfr,continued_gas
2049,21.551828181818177,TB002,electricity,elec_network,elec_xmfr,continued_gas
2024,23.91143917582417,TB003,electricity,elec_network,elec_xmfr,continued_gas
2025,23.91143917582417,TB003,electricity,elec_network,elec_xmfr,continued_gas
2026,23.91143917582417,TB003,electricity,elec_network,elec_xmfr,continued_gas
2027,23.91143917582417,TB003,electricity,elec_network,elec_xmfr,continued_gas
2028,23.91143917582417,TB003,electricity,elec_network,elec_xmfr,continued_gas
2029,23.91143917582417,TB003,electricity,elec_network,elec_xmfr,continued_gas
2030,23.91143917582417,TB003,electricity,elec_network,elec_xmfr,continued_gas
2031,23.91143917582417,TB003,electricity,elec_network,elec_xmfr,continued_gas
2032,23.91143917582417,TB003,electricity,elec_network,elec_xmfr,continued_gas
2033,23.91143917582417,TB003,electricity,elec_network,elec_xmfr,continued_gas
2034,23.91143917582417,TB003,electricity,elec_network,elec_xmfr,continued_gas
2035,23.91143917582417,TB003,electricity,elec_network,elec_xmfr,continued_gas
2036,23.91143917582417,TB003,electricity,elec_network,elec_xmfr,continued_gas
2037,23.91143917582417,TB003,electricity,elec_network,elec_xmfr,continued_gas
2038,23.91143917582417,TB003,electricity,elec_network,elec_xmfr,continued_gas
2039,23.91143917582417,TB003,electricity,elec_network,elec_xmfr,continued_gas
2040,23.91143917582417,TB003,electricity,elec_network,elec_xmfr,continued_gas
2041,23.91143917582417,TB003,electricity,elec_network,elec_xmfr,continued_gas
2042,23.91143917582417,TB003,electricity,elec_network,elec_xmfr,continued_gas
2043,23.91143917582417,TB003,electricity,elec_network,elec_xmfr,continued_gas
2044,23.91143917582417,TB003,electricity,elec_network,elec_xmfr,continued_gas
2045,23.91143917582417,TB003,electricity,elec_network,elec_xmfr,continued_gas
2046,23.91143917582417,TB003,electricity,elec_network,elec_xmfr,continued_gas
2047,23.91143917582417,TB003,electricity,elec_network,elec_xmfr,continued_gas
2048,23.91143917582417,TB003,electricity,elec_network,elec_xmfr,continued_gas
2049,23.91143917582417,TB003,electricity,elec_network,elec_xmfr,continued_gas
2024,26.40158062218827,TB004,electricity,elec_network,elec_xmfr,continued_gas
2025,26.40158062218827,TB004,electricity,elec_network,elec_xmfr,continued_gas
2026,26.40158062218827,TB004,electricity,elec_network,elec_xmfr,continued_gas
2027,26.40158062218827,TB004,electricity,elec_network,elec_xmfr,continued_gas
2028,26.40158062218827,TB004,electricity,elec_network,elec_xmfr,continued_gas
2029,26.40158062218827,TB004,electricity,elec_network,elec_xmfr,continued_gas
2030,26.40158062218827,TB004,electricity,elec_network,elec_xmfr,continued_gas
2031,26.40158062218827,TB004,electricity,elec_network,elec_xmfr,continued_gas
2032,26.40158062218827,TB004,electricity,elec_network,elec_xmfr,continued_gas
2033,26.40158062218827,TB004,electricity,elec_network,elec_xmfr,continued_gas
2034,26.40158062218827,TB004,electricity,elec_network,elec_xmfr,continued_gas
2035,26.40158062218827,TB004,electricity,elec_network,elec_xmfr,continued_gas
2036,26.40158062218827,TB004,electricity,elec_network,elec_xmfr,continued_gas
2037,26.40158062218827,TB004,electricity,elec_network,elec_xmfr,continued_gas
2038,26.40158062218827,TB004,electricity,elec_network,elec_xmfr,continued_gas
2039,26.40158062218827,TB004,electricity,elec_network,elec_xmfr,continued_gas
2040,26.40158062218827,TB004,electricity,elec_network,elec_xmfr,continued_gas
2041,26.40158062218827,TB004,electricity,elec_network,elec_xmfr,continued_gas
2042,26.40158062218827,TB004,electricity,elec_network,elec_xmfr,continued_gas
2043,26.40158062218827,TB004,electricity,elec_network,elec_xmfr,continued_gas
2044,26.40158062218827,TB004,electricity,elec_network,elec_xmfr,continued_gas
2045,26.40158062218827,TB004,electricity,elec_network,elec_xmfr,continued_gas
2046,26.40158062218827,TB004,electricity,elec_network,elec_xmfr,continued_gas
2047,26.40158062218827,TB004,electricity,elec_network,elec_xmfr,continued_gas
2048,26.40158062218827,TB004,electricity,elec_network,elec_xmfr,continued_gas
2049,26.40158062218827,TB004,electricity,elec_network,elec_xmfr,continued_gas
2024,39.13712226724255,TB001,electricity,elec_network,elec_xmfr,unmanaged_elec
2025,39.13712226724255,TB001,electricity,elec_network,elec_xmfr,unmanaged_elec
2026,39.13712226724255,TB001,electricity,elec_network,elec_xmfr,unmanaged_elec
2027,37.91374726724256,TB001,electricity,elec_network,elec_xmfr,unmanaged_elec
2028,42.98028878239407,TB001,electricity,elec_network,elec_xmfr,unmanaged_elec
2029,50.55716878239407,TB001,electricity,elec_network,elec_xmfr,unmanaged_elec
2030,79.57568696421227,TB001,electricity,elec_network,elec_xmfr,unmanaged_elec
2031,89.03332332784862,TB001,electricity,elec_network,elec_xmfr,unmanaged_elec
2032,89.03332332784862,TB001,electricity,elec_network,elec_xmfr,unmanaged_elec
2033,89.03332332784862,TB001,electricity,elec_network,elec_xmfr,unmanaged_elec
2034,89.03332332784862,TB001,electricity,elec_network,elec_xmfr,unmanaged_elec
2035,89.03332332784862,TB001,electricity,elec_network,elec_xmfr,unmanaged_elec
2036,89.03332332784862,TB001,electricity,elec_network,elec_xmfr,unmanaged_elec
2037,98.91188743041272,TB001,electricity,elec_network,elec_xmfr,unmanaged_elec
2038,98.91188743041272,TB001,electricity,elec_network,elec_xmfr,unmanaged_elec
2039,98.91188743041272,TB001,electricity,elec_network,elec_xmfr,unmanaged_elec
2040,98.91188743041272,TB001,electricity,elec_network,elec_xmfr,unmanaged_elec
2041,98.91188743041272,TB001,electricity,elec_network,elec_xmfr,unmanaged_elec
2042,98.91188743041272,TB001,electricity,elec_network,elec_xmfr,unmanaged_elec
2043,120.66141448923624,TB001,electricity,elec_network,elec_xmfr,unmanaged_elec
2044,134.83406154805976,TB001,electricity,elec_network,elec_xmfr,unmanaged_elec
2045,134.83406154805976,TB001,electricity,elec_network,elec_xmfr,unmanaged_elec
2046,134.83406154805976,TB001,electricity,elec_network,elec_xmfr,unmanaged_elec
2047,134.83406154805976,TB001,electricity,elec_network,elec_xmfr,unmanaged_elec
2048,134.83406154805976,TB001,electricity,elec_network,elec_xmfr,unmanaged_elec
2049,134.83406154805976,TB001,electricity,elec_network,elec_xmfr,unmanaged_elec
2024,21.551828181818177,TB002,electricity,elec_network,elec_xmfr,unmanaged_elec
2025,22.137405411255408,TB002,electricity,elec_network,elec_xmfr,unmanaged_elec
2026,22.137405411255408,TB002,electricity,elec_network,elec_xmfr,unmanaged_elec
2027,22.137405411255408,TB002,electricity,elec_network,elec_xmfr,unmanaged_elec
2028,22.603245411255408,TB002,electricity,elec_network,elec_xmfr,unmanaged_elec
2029,25.871261082251085,TB002,electricity,elec_network,elec_xmfr,unmanaged_elec
2030,25.871261082251085,TB002,electricity,elec_network,elec_xmfr,unmanaged_elec
2031,25.871261082251085,TB002,electricity,elec_network,elec_xmfr,unmanaged_elec
2032,25.871261082251085,TB002,electricity,elec_network,elec_xmfr,unmanaged_elec
2033,25.871261082251085,TB002,electricity,elec_network,elec_xmfr,unmanaged_elec
2034,25.871261082251085,TB002,electricity,elec_network,elec_xmfr,unmanaged_elec
2035,25.871261082251085,TB002,electricity,elec_network,elec_xmfr,unmanaged_elec
2036,25.871261082251085,TB002,electricity,elec_network,elec_xmfr,unmanaged_elec
2037,25.871261082251085,TB002,electricity,elec_network,elec_xmfr,unmanaged_elec
2038,25.871261082251085,TB002,electricity,elec_network,elec_xmfr,unmanaged_elec
2039,30.80418108225108,TB002,electricity,elec_network,elec_xmfr,unmanaged_elec
2040,47.47192314574313,TB002,electricity,elec_network,elec_xmfr,unmanaged_elec
2041,47.47192314574313,TB002,electricity,elec_network,elec_xmfr,unmanaged_elec
2042,52.40484314574314,TB002,electricity,elec_network,elec_xmfr,unmanaged_elec
2043,72.11272314574313,TB002,electricity,elec_network,elec_xmfr,unmanaged_elec
2044,80.5553595093795,TB002,electricity,elec_network,elec_xmfr,unmanaged_elec
2045,80.5553595093795,TB002,electricity,elec_network,elec_xmfr,unmanaged_elec
2046,80.5553595093795,TB002,electricity,elec_network,elec_xmfr,unmanaged_elec
2047,80.5553595093795,TB002,electricity,elec_network,elec_xmfr,unmanaged_elec
2048,80.5553595093795,TB002,electricity,elec_network,elec_xmfr,unmanaged_elec
2049,80.5553595093795,TB002,electricity,elec_network,elec_xmfr,unmanaged_elec
2024,23.91143917582417,TB003,electricity,elec_network,elec_xmfr,unmanaged_elec
2025,23.91143917582417,TB003,electricity,elec_network,elec_xmfr,unmanaged_elec
2026,23.495772509157504,TB003,electricity,elec_network,elec_xmfr,unmanaged_elec
2027,25.274077960927965,TB003,electricity,elec_network,elec_xmfr,unmanaged_elec
2028,25.274077960927965,TB003,electricity,elec_network,elec_xmfr,unmanaged_elec
2029,25.274077960927965,TB003,electricity,elec_network,elec_xmfr,unmanaged_elec
2030,25.274077960927965,TB003,electricity,elec_network,elec_xmfr,unmanaged_elec
2031,25.274077960927965,TB003,electricity,elec_network,elec_xmfr,unmanaged_elec
2032,30.29951282661782,TB003,electricity,elec_network,elec_xmfr,unmanaged_elec
2033,30.29951282661782,TB003,electricity,elec_network,elec_xmfr,unmanaged_elec
2034,30.29951282661782,TB003,electricity,elec_network,elec_xmfr,unmanaged_elec
2035,30.29951282661782,TB003,electricity,elec_network,elec_xmfr,unmanaged_elec
2036,36.09563782661782,TB003,electricity,elec_network,elec_xmfr,unmanaged_elec
2037,36.09563782661782,TB003,electricity,elec_network,elec_xmfr,unmanaged_elec
2038,50.90712192918192,TB003,electricity,elec_network,elec_xmfr,unmanaged_elec
2039,56.65808621489621,TB003,electricity,elec_network,elec_xmfr,unmanaged_elec
2040,62.06586399267399,TB003,electricity,elec_network,elec_xmfr,unmanaged_elec
2041,66.99878399267398,TB003,electricity,elec_network,elec_xmfr,unmanaged_elec
2042,66.99878399267398,TB003,electricity,elec_network,elec_xmfr,unmanaged_elec
2043,66.99878399267398,TB003,electricity,elec_network,elec_xmfr,unmanaged_elec
2044,71.84878399267397,TB003,electricity,elec_network,elec_xmfr,unmanaged_elec
2045,71.84878399267397,TB003,electricity,elec_network,elec_xmfr,unmanaged_elec
2046,71.84878399267397,TB003,electricity,elec_network,elec_xmfr,unmanaged_elec
2047,71.84878399267397,TB003,electricity,elec_network,elec_xmfr,unmanaged_elec
2048,71.84878399267397,TB003,electricity,elec_network,elec_xmfr,unmanaged_elec
2049,71.84878399267397,TB003,electricity,elec_network,elec_xmfr,unmanaged_elec
2024,26.40158062218827,TB004,electricity,elec_network,elec_xmfr,unmanaged_elec
2025,26.86742062218827,TB004,electricity,elec_network,elec_xmfr,unmanaged_elec
2026,26.86742062218827,TB004,electricity,elec_network,elec_xmfr,unmanaged_elec
2027,26.86742062218827,TB004,electricity,elec_network,elec_xmfr,unmanaged_elec
2028,26.86742062218827,TB004,electricity,elec_network,elec_xmfr,unmanaged_elec
2029,26.86742062218827,TB004,electricity,elec_network,elec_xmfr,unmanaged_elec
2030,27.598156862108475,TB004,electricity,elec_network,elec_xmfr,unmanaged_elec
2031,27.598156862108475,TB004,electricity,elec_network,elec_xmfr,unmanaged_elec
2032,27.598156862108475,TB004,electricity,elec_network,elec_xmfr,unmanaged_elec
2033,39.729156862108475,TB004,electricity,elec_network,elec_xmfr,unmanaged_elec
2034,39.729156862108475,TB004,electricity,elec_network,elec_xmfr,unmanaged_elec
2035,56.39689892560054,TB004,electricity,elec_network,elec_xmfr,unmanaged_elec
2036,56.39689892560054,TB004,electricity,elec_network,elec_xmfr,unmanaged_elec
2037,56.39689892560054,TB004,electricity,elec_network,elec_xmfr,unmanaged_elec
2038,56.39689892560054,TB004,electricity,elec_network,elec_xmfr,unmanaged_elec
2039,63.97377892560054,TB004,electricity,elec_network,elec_xmfr,unmanaged_elec
2040,63.97377892560054,TB004,electricity,elec_network,elec_xmfr,unmanaged_elec
2041,63.97377892560054,TB004,electricity,elec_network,elec_xmfr,unmanaged_elec
2042,63.97377892560054,TB004,electricity,elec_network,elec_xmfr,unmanaged_elec
2043,79.59507960741871,TB004,electricity,elec_network,elec_xmfr,unmanaged_elec
2044,79.59507960741871,TB004,electricity,elec_network,elec_xmfr,unmanaged_elec
2045,85.3912046074187,TB004,electricity,elec_network,elec_xmfr,unmanaged_elec
2046,85.3912046074187,TB004,electricity,elec_network,elec_xmfr,unmanaged_elec
2047,85.3912046074187,TB004,electricity,elec_network,elec_xmfr,unmanaged_elec
2048,85.3912046074187,TB004,electricity,elec_network,elec_xmfr,unmanaged_elec
2049,85.3912046074187,TB004,electricity,elec_network,elec_xmfr,unmanaged_elec
2024,39.13712226724255,TB001,electricity,elec_network,elec_xmfr,managed_elec
2025,134.83406154805976,TB001,electricity,elec_network,elec_xmfr,managed_elec
2026,134.83406154805976,TB001,electricity,elec_network,elec_xmfr,managed_elec
2027,134.83406154805976,TB001,electricity,elec_network,elec_xmfr,managed_elec
2028,134.83406154805976,TB001,electricity,elec_network,elec_xmfr,managed_elec
2029,134.83406154805976,TB001,electricity,elec_network,elec_xmfr,managed_elec
2030,134.83406154805976,TB001,electricity,elec_network,elec_xmfr,managed_elec
2031,134.83406154805976,TB001,electricity,elec_network,elec_xmfr,managed_elec
2032,134.83406154805976,TB001,electricity,elec_network,elec_xmfr,managed_elec
2033,134.83406154805976,TB001,electricity,elec_network,elec_xmfr,managed_elec
2034,134.83406154805976,TB001,electricity,elec_network,elec_xmfr,managed_elec
2035,134.83406154805976,TB001,electricity,elec_network,elec_xmfr,managed_elec
2036,134.83406154805976,TB001,electricity,elec_network,elec_xmfr,managed_elec
2037,134.83406154805976,TB001,electricity,elec_network,elec_xmfr,managed_elec
2038,134.83406154805976,TB001,electricity,elec_network,elec_xmfr,managed_elec
2039,134.83406154805976,TB001,electricity,elec_network,elec_xmfr,managed_elec
2040,134.83406154805976,TB001,electricity,elec_network,elec_xmfr,managed_elec
2041,134.83406154805976,TB001,electricity,elec_network,elec_xmfr,managed_elec
2042,134.83406154805976,TB001,electricity,elec_network,elec_xmfr,managed_elec
2043,134.83406154805976,TB001,electricity,elec_network,elec_xmfr,managed_elec
2044,134.83406154805976,TB001,electricity,elec_network,elec_xmfr,managed_elec
2045,134.83406154805976,TB001,electricity,elec_network,elec_xmfr,managed_elec
2046,134.83406154805976,TB001,electricity,elec_network,elec_xmfr,managed_elec
2047,134.83406154805976,TB001,electricity,elec_network,elec_xmfr,managed_elec
2048,134.83406154805976,TB001,electricity,elec_network,elec_xmfr,managed_elec
2049,134.83406154805976,TB001,electricity,elec_network,elec_xmfr,managed_elec
2024,21.551828181818177,TB002,electricity,elec_network,elec_xmfr,managed_elec
2025,80.5553595093795,TB002,electricity,elec_network,elec_xmfr,managed_elec
2026,80.5553595093795,TB002,electricity,elec_network,elec_xmfr,managed_elec
2027,80.5553595093795,TB002,electricity,elec_network,elec_xmfr,managed_elec
2028,80.5553595093795,TB002,electricity,elec_network,elec_xmfr,managed_elec
2029,80.5553595093795,TB002,electricity,elec_network,elec_xmfr,managed_elec
2030,80.5553595093795,TB002,electricity,elec_network,elec_xmfr,managed_elec
2031,80.5553595093795,TB002,electricity,elec_network,elec_xmfr,managed_elec
2032,80.5553595093795,TB002,electricity,elec_network,elec_xmfr,managed_elec
2033,80.5553595093795,TB002,electricity,elec_network,elec_xmfr,managed_elec
2034,80.5553595093795,TB002,electricity,elec_network,elec_xmfr,managed_elec
2035,80.5553595093795,TB002,electricity,elec_network,elec_xmfr,managed_elec
2036,80.5553595093795,TB002,electricity,elec_network,elec_xmfr,managed_elec
2037,80.5553595093795,TB002,electricity,elec_network,elec_xmfr,managed_elec
2038,80.5553595093795,TB002,electricity,elec_network,elec_xmfr,managed_elec
2039,80.5553595093795,TB002,electricity,elec_network,elec_xmfr,managed_elec
2040,80.5553595093795,TB002,electricity,elec_network,elec_xmfr,managed_elec
2041,80.5553595093795,TB002,electricity,elec_network,elec_xmfr,managed_elec
2042,80.5553595093795,TB002,electricity,elec_network,elec_xmfr,managed_elec
2043,80.5553595093795,TB002,electricity,elec_network,elec_xmfr,managed_elec
2044,80.5553595093795,TB002,electricity,elec_network,elec_xmfr,managed_elec
2045,80.5553595093795,TB002,electricity,elec_network,elec_xmfr,managed_elec
2046,80.5553595093795,TB002,electricity,elec_network,elec_xmfr,managed_elec
2047,80.5553595093795,TB002,electricity,elec_network,elec_xmfr,managed_elec
2048,80.5553595093795,TB002,electricity,elec_network,elec_xmfr,managed_elec
2049,80.5553595093795,TB002,electricity,elec_network,elec_xmfr,managed_elec
2024,23.91143917582417,TB003,electricity,elec_network,elec_xmfr,managed_elec
2025,71.84878399267397,TB003,electricity,elec_network,elec_xmfr,managed_elec
2026,71.84878399267397,TB003,electricity,elec_network,elec_xmfr,managed_elec
2027,71.84878399267397,TB003,electricity,elec_network,elec_xmfr,managed_elec
2028,71.84878399267397,TB003,electricity,elec_network,elec_xmfr,managed_elec
2029,71.84878399267397,TB003,electricity,elec_network,elec_xmfr,managed_elec
2030,71.84878399267397,TB003,electricity,elec_network,elec_xmfr,managed_elec
2031,71.84878399267397,TB003,electricity,elec_network,elec_xmfr,managed_elec
2032,71.84878399267397,TB003,electricity,elec_network,elec_xmfr,managed_elec
2033,71.84878399267397,TB003,electricity,elec_network,elec_xmfr,managed_elec
2034,71.84878399267397,TB003,electricity,elec_network,elec_xmfr,managed_elec
2035,71.84878399267397,TB003,electricity,elec_network,elec_xmfr,managed_elec
2036,71.84878399267397,TB003,electricity,elec_network,elec_xmfr,managed_elec
2037,71.84878399267397,TB003,electricity,elec_network,elec_xmfr,managed_elec
2038,71.84878399267397,TB003,electricity,elec_network,elec_xmfr,managed_elec
2039,71.84878399267397,TB003,electricity,elec_network,elec_xmfr,managed_elec
2040,71.84878399267397,TB003,electricity,elec_network,elec_xmfr,managed_elec
2041,71.84878399267397,TB003,electricity,elec_network,elec_xmfr,managed_elec
2042,71.84878399267397,TB003,electricity,elec_network,elec_xmfr,managed_elec
2043,71.84878399267397,TB003,electricity,elec_network,elec_xmfr,managed_elec
2044,71.84878399267397,TB003,electricity,elec_network,elec_xmfr,managed_elec
2045,71.84878399267397,TB003,electricity,elec_network,elec_xmfr,managed_elec
2046,71.84878399267397,TB003,electricity,elec_network,elec_xmfr,managed_elec
2047,71.84878399267397,TB003,electricity,elec_network,elec_xmfr,managed_elec
2048,71.84878399267397,TB003,electricity,elec_network,elec_xmfr,managed_elec
2049,71.84878399267397,TB003,electricity,elec_network,elec_xmfr,managed_elec
2024,26.40158062218827,TB004,electricity,elec_network,elec_xmfr,managed_elec
2025,85.3912046074187,TB004,electricity,elec_network,elec_xmfr,managed_elec
2026,85.3912046074187,TB004,electricity,elec_network,elec_xmfr,managed_elec
2027,85.3912046074187,TB004,electricity,elec_network,elec_xmfr,managed_elec
2028,85.3912046074187,TB004,electricity,elec_network,elec_xmfr,managed_elec
2029,85.3912046074187,TB004,electricity,elec_network,elec_xmfr,managed_elec
2030,85.3912046074187,TB004,electricity,elec_network,elec_xmfr,managed_elec
2031,85.3912046074187,TB004,electricity,elec_network,elec_xmfr,managed_elec
2032,85.3912046074187,TB004,electricity,elec_network,elec_xmfr,managed_elec
2033,85.3912046074187,TB004,electricity,elec_network,elec_xmfr,managed_elec
2034,85.3912046074187,TB004,electricity,elec_network,elec_xmfr,managed_elec
2035,85.3912046074187,TB004,electricity,elec_network,elec_xmfr,managed_elec
2036,85.3912046074187,TB004,electricity,elec_network,elec_xmfr,managed_elec
2037,85.3912046074187,TB004,electricity,elec_network,elec_xmfr,managed_elec
2038,85.3912046074187,TB004,electricity,elec_network,elec_xmfr,managed_elec
2039,85.3912046074187,TB004,electricity,elec_network,elec_xmfr,managed_elec
2040,85.3912046074187,TB004,electricity,elec_network,elec_xmfr,managed_elec
2041,85.3912046074187,TB004,electricity,elec_network,elec_xmfr,managed_elec
2042,85.3912046074187,TB004,electricity,elec_network,elec_xmfr,managed_elec
2043,85.3912046074187,TB004,electricity,elec_network,elec_xmfr,managed_elec
2044,85.3912046074187,TB004,electricity,elec_network,elec_xmfr,managed_elec
2045,85.3912046074187,TB004,electricity,elec_network,elec_xmfr,managed_elec
2046,85.3912046074187,TB004,electricity,elec_network,elec_xmfr,managed_elec
2047,85.3912046074187,TB004,electricity,elec_network,elec_xmfr,managed_elec
2048,85.3912046074187,TB004,electricity,elec_network,elec_xmfr,managed_elec
2049,85.3912046074187,TB004,electricity,elec_network,elec_xmfr,managed_elec
2024,39.13712226724255,TB001,electricity,elec_network,elec_xmfr,managed_elec_u7
2025,241.6000741656383,TB001,electricity,elec_network,elec_xmfr,managed_elec_u7
2026,241.6000741656383,TB001,electricity,elec_network,elec_xmfr,managed_elec_u7
2027,241.6000741656383,TB001,electricity,elec_network,elec_xmfr,managed_elec_u7
2028,241.6000741656383,TB001,electricity,elec_network,elec_xmfr,managed_elec_u7
2029,241.6000741656383,TB001,electricity,elec_network,elec_xmfr,managed_elec_u7
2030,241.6000741656383,TB001,electricity,elec_network,elec_xmfr,managed_elec_u7
2031,241.6000741656383,TB001,electricity,elec_network,elec_xmfr,managed_elec_u7
2032,241.6000741656383,TB001,electricity,elec_network,elec_xmfr,managed_elec_u7
2033,241.6000741656383,TB001,electricity,elec_network,elec_xmfr,managed_elec_u7
2034,241.6000741656383,TB001,electricity,elec_network,elec_xmfr,managed_elec_u7
2035,241.6000741656383,TB001,electricity,elec_network,elec_xmfr,managed_elec_u7
2036,241.6000741656383,TB001,electricity,elec_network,elec_xmfr,managed_elec_u7
2037,241.6000741656383,TB001,electricity,elec_network,elec_xmfr,managed_elec_u7
2038,241.6000741656383,TB001,electricity,elec_network,elec_xmfr,managed_elec_u7
2039,241.6000741656383,TB001,electricity,elec_network,elec_xmfr,managed_elec_u7
2040,241.6000741656383,TB001,electricity,elec_network,elec_xmfr,managed_elec_u7
2041,241.6000741656383,TB001,electricity,elec_network,elec_xmfr,managed_elec_u7
2042,241.6000741656383,TB001,electricity,elec_network,elec_xmfr,managed_elec_u7
2043,241.6000741656383,TB001,electricity,elec_network,elec_xmfr,managed_elec_u7
2044,241.6000741656383,TB001,electricity,elec_network,elec_xmfr,managed_elec_u7
2045,241.6000741656383,TB001,electricity,elec_network,elec_xmfr,managed_elec_u7
2046,241.6000741656383,TB001,electricity,elec_network,elec_xmfr,managed_elec_u7
2047,241.6000741656383,TB001,electricity,elec_network,elec_xmfr,managed_elec_u7
2048,241.6000741656383,TB001,electricity,elec_network,elec_xmfr,managed_elec_u7
2049,241.6000741656383,TB001,electricity,elec_network,elec_xmfr,managed_elec_u7
2024,21.551828181818177,TB002,electricity,elec_network,elec_xmfr,managed_elec_u7
2025,155.07645862914862,TB002,electricity,elec_network,elec_xmfr,managed_elec_u7
2026,155.07645862914862,TB002,electricity,elec_network,elec_xmfr,managed_elec_u7
2027,155.07645862914862,TB002,electricity,elec_network,elec_xmfr,managed_elec_u7
2028,155.07645862914862,TB002,electricity,elec_network,elec_xmfr,managed_elec_u7
2029,155.07645862914862,TB002,electricity,elec_network,elec_xmfr,managed_elec_u7
2030,155.07645862914862,TB002,electricity,elec_network,elec_xmfr,managed_elec_u7
2031,155.07645862914862,TB002,electricity,elec_network,elec_xmfr,managed_elec_u7
2032,155.07645862914862,TB002,electricity,elec_network,elec_xmfr,managed_elec_u7
2033,155.07645862914862,TB002,electricity,elec_network,elec_xmfr,managed_elec_u7
2034,155.07645862914862,TB002,electricity,elec_network,elec_xmfr,managed_elec_u7
2035,155.07645862914862,TB002,electricity,elec_network,elec_xmfr,managed_elec_u7
2036,155.07645862914862,TB002,electricity,elec_network,elec_xmfr,managed_elec_u7
2037,155.07645862914862,TB002,electricity,elec_network,elec_xmfr,managed_elec_u7
2038,155.07645862914862,TB002,electricity,elec_network,elec_xmfr,managed_elec_u7
2039,155.07645862914862,TB002,electricity,elec_network,elec_xmfr,managed_elec_u7
2040,155.07645862914862,TB002,electricity,elec_network,elec_xmfr,managed_elec_u7
2041,155.07645862914862,TB002,electricity,elec_network,elec_xmfr,managed_elec_u7
2042,155.07645862914862,TB002,electricity,elec_network,elec_xmfr,managed_elec_u7
2043,155.07645862914862,TB002,electricity,elec_network,elec_xmfr,managed_elec_u7
2044,155.07645862914862,TB002,electricity,elec_network,elec_xmfr,managed_elec_u7
2045,155.07645862914862,TB002,electricity,elec_network,elec_xmfr,managed_elec_u7
2046,155.07645862914862,TB002,electricity,elec_network,elec_xmfr,managed_elec_u7
2047,155.07645862914862,TB002,electricity,elec_network,elec_xmfr,managed_elec_u7
2048,155.07645862914862,TB002,electricity,elec_network,elec_xmfr,managed_elec_u7
2049,155.07645862914862,TB002,electricity,elec_network,elec_xmfr,managed_elec_u7
2024,23.91143917582417,TB003,electricity,elec_network,elec_xmfr,managed_elec_u7
2025,134.8023421916972,TB003,electricity,elec_network,elec_xmfr,managed_elec_u7
2026,134.8023421916972,TB003,electricity,elec_network,elec_xmfr,managed_elec_u7
2027,134.8023421916972,TB003,electricity,elec_network,elec_xmfr,managed_elec_u7
2028,134.8023421916972,TB003,electricity,elec_network,elec_xmfr,managed_elec_u7
2029,134.8023421916972,TB003,electricity,elec_network,elec_xmfr,managed_elec_u7
2030,134.8023421916972,TB003,electricity,elec_network,elec_xmfr,managed_elec_u7
2031,134.8023421916972,TB003,electricity,elec_network,elec_xmfr,managed_elec_u7
2032,134.8023421916972,TB003,electricity,elec_network,elec_xmfr,managed_elec_u7
2033,134.8023421916972,TB003,electricity,elec_network,elec_xmfr,managed_elec_u7
2034,134.8023421916972,TB003,electricity,elec_network,elec_xmfr,managed_elec_u7
2035,134.8023421916972,TB003,electricity,elec_network,elec_xmfr,managed_elec_u7
2036,134.8023421916972,TB003,electricity,elec_network,elec_xmfr,managed_elec_u7
2037,134.8023421916972,TB003,electricity,elec_network,elec_xmfr,managed_elec_u7
2038,134.8023421916972,TB003,electricity,elec_network,elec_xmfr,managed_elec_u7
2039,134.8023421916972,TB003,electricity,elec_network,elec_xmfr,managed_elec_u7
2040,134.8023421916972,TB003,electricity,elec_network,elec_xmfr,managed_elec_u7
2041,134.8023421916972,TB003,electricity,elec_network,elec_xmfr,managed_elec_u7
2042,134.8023421916972,TB003,electricity,elec_network,elec_xmfr,managed_elec_u7
2043,134.8023421916972,TB003,electricity,elec_network,elec_xmfr,managed_elec_u7
2044,134.8023421916972,TB003,electricity,elec_network,elec_xmfr,managed_elec_u7
2045,134.8023421916972,TB003,electricity,elec_network,elec_xmfr,managed_elec_u7
2046,134.8023421916972,TB003,electricity,elec_network,elec_xmfr,managed_elec_u7
2047,134.8023421916972,TB003,electricity,elec_network,elec_xmfr,managed_elec_u7
2048,134.8023421916972,TB003,electricity,elec_network,elec_xmfr,managed_elec_u7
2049,134.8023421916972,TB003,electricity,elec_network,elec_xmfr,managed_elec_u7
2024,26.40158062218827,TB004,electricity,elec_network,elec_xmfr,managed_elec_u7
2025,162.7483055468551,TB004,electricity,elec_network,elec_xmfr,managed_elec_u7
2026,162.7483055468551,TB004,electricity,elec_network,elec_xmfr,managed_elec_u7
2027,162.7483055468551,TB004,electricity,elec_network,elec_xmfr,managed_elec_u7
2028,162.7483055468551,TB004,electricity,elec_network,elec_xmfr,managed_elec_u7
2029,162.7483055468551,TB004,electricity,elec_network,elec_xmfr,managed_elec_u7
2030,162.7483055468551,TB004,electricity,elec_network,elec_xmfr,managed_elec_u7
2031,162.7483055468551,TB004,electricity,elec_network,elec_xmfr,managed_elec_u7
2032,162.7483055468551,TB004,electricity,elec_network,elec_xmfr,managed_elec_u7
2033,162.7483055468551,TB004,electricity,elec_network,elec_xmfr,managed_elec_u7
2034,162.7483055468551,TB004,electricity,elec_network,elec_xmfr,managed_elec_u7
2035,162.7483055468551,TB004,electricity,elec_network,elec_xmfr,managed_elec_u7
2036,162.7483055468551,TB004,electricity,elec_network,elec_xmfr,managed_elec_u7
2037,162.7483055468551,TB004,electricity,elec_network,elec_xmfr,managed_elec_u7
2038,162.7483055468551,TB004,electricity,elec_network,elec_xmfr,managed_elec_u7
2039,162.7483055468551,TB004,electricity,elec_network,elec_xmfr,managed_elec_u7
2040,162.7483055468551,TB004,electricity,elec_network,elec_xmfr,managed_elec_u7
2041,162.7483055468551,TB004,electricity,elec_network,elec_xmfr,managed_elec_u7
2042,162.7483055468551,TB004,electricity,elec_network,elec_xmfr,managed_elec_u7
2043,162.7483055468551,TB004,electricity,elec_network,elec_xmfr,managed_elec_u7
2044,162.7483055468551,TB004,electricity,elec_network,elec_xmfr,managed_elec_u7
2045,162.7483055468551,TB004,electricity,elec_network,elec_xmfr,managed_elec_u7
2046,162.7483055468551,TB004,electricity,elec_network,elec_xmfr,managed_elec_u7
2047,162.7483055468551,TB004,electricity,elec_network,elec_xmfr,managed_elec_u7
2048,162.7483055468551,TB004,electricity,elec_network,elec_xmfr,managed_elec_u7
2049,162.7483055468551,TB004,electricity,elec_network,elec_xmfr,managed_elec_u7
2024,39.13712226724255,TB001,electricity,elec_network,elec_xmfr,unmanaged_elec_u7
2025,39.13712226724255,TB001,electricity,elec_network,elec_xmfr,unmanaged_elec_u7
2026,39.13712226724255,TB001,electricity,elec_network,elec_xmfr,unmanaged_elec_u7
2027,39.142298091320434,TB001,electricity,elec_network,elec_xmfr,unmanaged_elec_u7
2028,64.91378878239408,TB001,electricity,elec_network,elec_xmfr,unmanaged_elec_u7
2029,78.00158878239408,TB001,electricity,elec_network,elec_xmfr,unmanaged_elec_u7
2030,135.53099787330314,TB001,electricity,elec_network,elec_xmfr,unmanaged_elec_u7
2031,150.7027251460304,TB001,electricity,elec_network,elec_xmfr,unmanaged_elec_u7
2032,150.7027251460304,TB001,electricity,elec_network,elec_xmfr,unmanaged_elec_u7
2033,150.7027251460304,TB001,electricity,elec_network,elec_xmfr,unmanaged_elec_u7
2034,150.7027251460304,TB001,electricity,elec_network,elec_xmfr,unmanaged_elec_u7
2035,150.7027251460304,TB001,electricity,elec_network,elec_xmfr,unmanaged_elec_u7
2036,150.7027251460304,TB001,electricity,elec_network,elec_xmfr,unmanaged_elec_u7
2037,170.18839181269706,TB001,electricity,elec_network,elec_xmfr,unmanaged_elec_u7
2038,170.18839181269706,TB001,electricity,elec_network,elec_xmfr,unmanaged_elec_u7
2039,170.18839181269706,TB001,electricity,elec_network,elec_xmfr,unmanaged_elec_u7
2040,170.18839181269706,TB001,electricity,elec_network,elec_xmfr,unmanaged_elec_u7
2041,170.18839181269706,TB001,electricity,elec_network,elec_xmfr,unmanaged_elec_u7
2042,170.18839181269706,TB001,electricity,elec_network,elec_xmfr,unmanaged_elec_u7
2043,212.43813298916768,TB001,electricity,elec_network,elec_xmfr,unmanaged_elec_u7
2044,241.6000741656383,TB001,electricity,elec_network,elec_xmfr,unmanaged_elec_u7
2045,241.6000741656383,TB001,electricity,elec_network,elec_xmfr,unmanaged_elec_u7
2046,241.6000741656383,TB001,electricity,elec_network,elec_xmfr,unmanaged_elec_u7
2047,241.6000741656383,TB001,electricity,elec_network,elec_xmfr,unmanaged_elec_u7
2048,241.6000741656383,TB001,electricity,elec_network,elec_xmfr,unmanaged_elec_u7
2049,241.6000741656383,TB001,electricity,elec_network,elec_xmfr,unmanaged_elec_u7
2024,21.551828181818177,TB002,electricity,elec_network,elec_xmfr,unmanaged_elec_u7
2025,23.008960966810964,TB002,electricity,elec_network,elec_xmfr,unmanaged_elec_u7
2026,23.008960966810964,TB002,electricity,elec_network,elec_xmfr,unmanaged_elec_u7
2027,23.008960966810964,TB002,electricity,elec_network,elec_xmfr,unmanaged_elec_u7
2028,29.346349971139965,TB002,electricity,elec_network,elec_xmfr,unmanaged_elec_u7
2029,42.434149971139966,TB002,electricity,elec_network,elec_xmfr,unmanaged_elec_u7
2030,42.434149971139966,TB002,electricity,elec_network,elec_xmfr,unmanaged_elec_u7
2031,42.434149971139966,TB002,electricity,elec_network,elec_xmfr,unmanaged_elec_u7
2032,42.434149971139966,TB002,electricity,elec_network,elec_xmfr,unmanaged_elec_u7
2033,42.434149971139966,TB002,electricity,elec_network,elec_xmfr,unmanaged_elec_u7
2034,42.434149971139966,TB002,electricity,elec_network,elec_xmfr,unmanaged_elec_u7
2035,42.434149971139966,TB002,electricity,elec_network,elec_xmfr,unmanaged_elec_u7
2036,42.434149971139966,TB002,electricity,elec_network,elec_xmfr,unmanaged_elec_u7
2037,42.434149971139966,TB002,electricity,elec_network,elec_xmfr,unmanaged_elec_u7
2038,42.434149971139966,TB002,electricity,elec_network,elec_xmfr,unmanaged_elec_u7
2039,54.02914997113996,TB002,electricity,elec_network,elec_xmfr,unmanaged_elec_u7
2040,86.53234044733044,TB002,electricity,elec_network,elec_xmfr,unmanaged_elec_u7
2041,86.53234044733044,TB002,electricity,elec_network,elec_xmfr,unmanaged_elec_u7
2042,98.12734044733044,TB002,electricity,elec_network,elec_xmfr,unmanaged_elec_u7
2043,134.68964044733042,TB002,electricity,elec_network,elec_xmfr,unmanaged_elec_u7
2044,155.07645862914862,TB002,electricity,elec_network,elec_xmfr,unmanaged_elec_u7
2045,155.07645862914862,TB002,electricity,elec_network,elec_xmfr,unmanaged_elec_u7
2046,155.07645862914862,TB002,electricity,elec_network,elec_xmfr,unmanaged_elec_u7
2047,155.07645862914862,TB002,electricity,elec_network,elec_xmfr,unmanaged_elec_u7
2048,155.07645862914862,TB002,electricity,elec_network,elec_xmfr,unmanaged_elec_u7
2049,155.07645862914862,TB002,electricity,elec_network,elec_xmfr,unmanaged_elec_u7
2024,23.91143917582417,TB003,electricity,elec_network,elec_xmfr,unmanaged_elec_u7
2025,23.91143917582417,TB003,electricity,elec_network,elec_xmfr,unmanaged_elec_u7
2026,29.484097264957267,TB003,electricity,elec_network,elec_xmfr,unmanaged_elec_u7
2027,42.1795125030525,TB003,electricity,elec_network,elec_xmfr,unmanaged_elec_u7
2028,42.1795125030525,TB003,electricity,elec_network,elec_xmfr,unmanaged_elec_u7
2029,42.1795125030525,TB003,electricity,elec_network,elec_xmfr,unmanaged_elec_u7
2030,42.1795125030525,TB003,electricity,elec_network,elec_xmfr,unmanaged_elec_u7
2031,42.1795125030525,TB003,electricity,elec_network,elec_xmfr,unmanaged_elec_u7
2032,50.638179169719166,TB003,electricity,elec_network,elec_xmfr,unmanaged_elec_u7
2033,50.638179169719166,TB003,electricity,elec_network,elec_xmfr,unmanaged_elec_u7
2034,50.638179169719166,TB003,electricity,elec_network,elec_xmfr,unmanaged_elec_u7
2035,50.638179169719166,TB003,electricity,elec_network,elec_xmfr,unmanaged_elec_u7
2036,59.31242916971917,TB003,electricity,elec_network,elec_xmfr,unmanaged_elec_u7
2037,59.31242916971917,TB003,electricity,elec_network,elec_xmfr,unmanaged_elec_u7
2038,89.99631838217337,TB003,electricity,elec_network,elec_xmfr,unmanaged_elec_u7
2039,103.26917552503052,TB003,electricity,elec_network,elec_xmfr,unmanaged_elec_u7
2040,113.0668421916972,TB003,electricity,elec_network,elec_xmfr,unmanaged_elec_u7
2041,124.6618421916972,TB003,electricity,elec_network,elec_xmfr,unmanaged_elec_u7
2042,124.6618421916972,TB003,electricity,elec_network,elec_xmfr,unmanaged_elec_u7
2043,124.6618421916972,TB003,electricity,elec_network,elec_xmfr,unmanaged_elec_u7
2044,134.8023421916972,TB003,electricity,elec_network,elec_xmfr,unmanaged_elec_u7
2045,134.8023421916972,TB003,electricity,elec_network,elec_xmfr,unmanaged_elec_u7
2046,134.8023421916972,TB003,electricity,elec_network,elec_xmfr,unmanaged_elec_u7
2047,134.8023421916972,TB003,electricity,elec_network,elec_xmfr,unmanaged_elec_u7
2048,134.8023421916972,TB003,electricity,elec_network,elec_xmfr,unmanaged_elec_u7
2049,134.8023421916972,TB003,electricity,elec_network,elec_xmfr,unmanaged_elec_u7
2024,26.40158062218827,TB004,electricity,elec_network,elec_xmfr,unmanaged_elec_u7
2025,28.02714062218827,TB004,electricity,elec_network,elec_xmfr,unmanaged_elec_u7
2026,28.02714062218827,TB004,electricity,elec_network,elec_xmfr,unmanaged_elec_u7
2027,28.02714062218827,TB004,electricity,elec_network,elec_xmfr,unmanaged_elec_u7
2028,28.02714062218827,TB004,electricity,elec_network,elec_xmfr,unmanaged_elec_u7
2029,28.02714062218827,TB004,electricity,elec_network,elec_xmfr,unmanaged_elec_u7
2030,49.24953097975554,TB004,electricity,elec_network,elec_xmfr,unmanaged_elec_u7
2031,49.24953097975554,TB004,electricity,elec_network,elec_xmfr,unmanaged_elec_u7
2032,49.24953097975554,TB004,electricity,elec_network,elec_xmfr,unmanaged_elec_u7
2033,72.72403097975554,TB004,electricity,elec_network,elec_xmfr,unmanaged_elec_u7
2034,72.72403097975554,TB004,electricity,elec_network,elec_xmfr,unmanaged_elec_u7
2035,105.22722145594602,TB004,electricity,elec_network,elec_xmfr,unmanaged_elec_u7
2036,105.22722145594602,TB004,electricity,elec_network,elec_xmfr,unmanaged_elec_u7
2037,105.22722145594602,TB004,electricity,elec_network,elec_xmfr,unmanaged_elec_u7
2038,105.22722145594602,TB004,electricity,elec_network,elec_xmfr,unmanaged_elec_u7
2039,118.315021455946,TB004,electricity,elec_network,elec_xmfr,unmanaged_elec_u7
2040,118.315021455946,TB004,electricity,elec_network,elec_xmfr,unmanaged_elec_u7
2041,118.315021455946,TB004,electricity,elec_network,elec_xmfr,unmanaged_elec_u7
2042,118.315021455946,TB004,electricity,elec_network,elec_xmfr,unmanaged_elec_u7
2043,152.8485555468551,TB004,electricity,elec_network,elec_xmfr,unmanaged_elec_u7
2044,152.8485555468551,TB004,electricity,elec_network,elec_xmfr,unmanaged_elec_u7
2045,162.7483055468551,TB004,electricity,elec_network,elec_xmfr,unmanaged_elec_u7
2046,162.7483055468551,TB004,electricity,elec_network,elec_xmfr,unmanaged_elec_u7
2047,162.7483055468551,TB004,electricity,elec_network,elec_xmfr,unmanaged_elec_u7
2048,162.7483055468551,TB004,electricity,elec_network,elec_xmfr,unmanaged_elec_u7
2049,162.7483055468551,TB004,electricity,elec_network,elec_xmfr,unmanaged_elec_u7
